,time_spent
0,1095.6606100000001
1,234.2403399999999
2,855.8449099999999
3,385.0009200000002
4,450.04278000000005
5,1630.2171499999995
6,646.8599399999996
7,948.70709
8,661.3910499999997
9,1349.6189400000003
10,753.8814400000005
11,383.40008999999986
12,646.3935000000001
13,502.95032999999995
14,289.9215500000001
15,212.21454000000006
16,1400.6977200000008
17,350.18607000000003
18,1206.1035099999995
19,3539.9110300000007
20,347.8223400000001
21,331.1534100000001
22,384.44847999999996
23,182.55740000000006
24,579.44179
25,1520.630680000001
26,186.60852
27,406.8463500000001
28,503.02004
29,576.01315
30,441.47196999999994
31,497.64514999999983
32,1223.732340000001
33,1310.0465499999998
34,1065.3277600000008
35,464.60461999999984
36,1537.5716499999999
37,325.63575000000003
38,368.72374999999994
39,292.44277
40,368.53244000000007
41,911.1025
42,566.1085300000002
43,2021.1100399999998
44,311.86527
45,996.2229300000006
46,937.1465999999999
47,805.2645800000001
48,684.1707399999999
49,365.83497000000006
50,1899.267300000001
51,264.56100000000004
52,1814.0575700000002
53,1247.6684500000001
54,352.3837900000002
55,1204.9824000000003
56,290.48450999999994
57,451.54269000000016
58,1484.14832
59,3609.7761200000014
60,1368.9919299999988
61,270.1081300000001
62,436.36578000000003
63,343.50365
64,1632.3984800000005
65,852.8587900000001
66,178.09023999999997
67,882.1005300000002
68,404.0994399999999
69,678.3934899999997
70,308.73605
71,291.55679999999995
72,414.8863700000002
73,802.4045700000003
74,970.9135999999994
75,257.48722999999995
76,837.5412800000003
77,447.54901000000007
78,220.98206000000002
79,586.6325000000005
80,365.63635999999997
81,1655.6440149999999
82,965.9009499999999
83,1097.2159900000001
84,90.19744999999995
85,604.2533200000001
86,178.76744
87,598.5236799999999
88,318.12555000000015
89,420.07724999999994
90,371.5056099999999
91,116.68572999999996
92,1471.5844600000005
93,456.56280000000004
94,360.2253100000001
95,1996.30345
96,423.65501000000023
97,407.7603999999999
98,354.4623600000001
99,707.2380400000003
100,520.88057
101,273.345
102,506.5208900000003
103,219.86664000000002
104,3765.3439399999997
105,1348.1287599999998
106,1504.4236399999998
107,190.05621
108,276.52524
109,323.5568700000002
110,213.05835000000002
111,174.01291999999995
112,234.82724000000005
113,1055.7921299999991
114,1109.7735900000005
115,282.6171899999998
116,550.63385
117,7808.076800000002
118,792.6146000000003
119,428.99260999999984
120,1838.0196899999996
121,131.11092000000002
122,423.53007
123,474.35819
124,267.96923000000004
125,623.2801799999997
126,496.93787000000026
127,384.7185099999998
128,363.88995999999986
129,297.64227999999997
130,803.2099599999998
131,1547.0117399999997
132,1301.93622
133,197.56374
134,292.44343000000003
135,3455.615389999998
136,565.34946
137,3051.3418000000015
138,352.63399999999996
139,2090.4636400000013
140,1611.8662599999998
141,217.3644899999999
142,1878.1035300000003
143,1617.5407199999995
144,234.67873000000017
145,274.18889999999993
146,156.32895
147,609.66041
148,528.8905099999997
149,324.4197700000001
150,994.5869900000009
151,410.4883299999999
152,182.11700000000002
153,2293.5554999999995
154,366.50750000000005
155,363.4951999999999
156,430.1929799999998
157,217.64504000000005
158,775.1909800000001
159,360.00946999999985
160,1859.3485700000006
161,308.5483600000003
162,272.26683
163,689.4176899999993
164,834.4354800000002
165,3751.1768300000003
166,285.8182099999998
167,383.24937
168,2354.9112999999998
169,364.9868599999999
170,2143.7398699999994
171,189.51454000000012
172,930.2864100000003
173,592.26743
174,349.9546299999997
175,375.75935
176,1376.4022200000002
177,486.5724599999997
178,336.56674
179,1734.8194800000003
180,235.1563
181,1285.1263900000006
182,1118.2231600000002
183,328.12953999999985
184,1171.781310000001
185,677.5748800000001
186,1590.3631899999998
187,1642.4726999999996
188,444.43915
189,212.46706000000006
190,320.3443200000001
191,290.86836
192,299.97254999999996
193,1698.4492200000009
194,1220.7287000000006
195,522.49523
196,1239.2791900000004
197,513.1038199999999
198,441.54429
199,5250.8981399999975
200,394.60268
201,331.1740199999999
202,280.1042600000001
203,3299.6786300000003
204,455.40032500000035
205,360.90968999999996
206,1319.69918
207,1061.4350200000001
208,431.4763799999998
209,361.42053
210,1506.7826300000006
211,1408.57462
212,390.2112199999999
213,647.5027199999997
214,1268.4783799999996
215,1589.7105499999996
216,112.32201
217,335.92976000000004
218,4876.8953500000025
219,501.1161799999999
220,1200.4788200000003
221,665.9078199999997
222,62.319209999999984
223,627.03784
224,456.76551000000023
225,289.4319499999999
226,841.6771000000003
227,613.7051100000002
228,365.40970999999973
229,345.7261500000001
230,347.8039500000001
231,303.72064
232,2061.166160000001
233,574.4065199999999
234,916.2648399999998
235,278.5923599999999
236,1071.8607500000005
237,596.82883
238,1469.6242699999996
239,540.4762100000002
240,261.47499000000005
241,494.10828999999984
242,1355.5176499999995
243,650.0791200000001
244,4035.7644800000016
245,1719.5538599999998
246,1469.1174800000015
247,830.6046500000004
248,1101.248
249,274.32941000000005
250,1066.5762699999998
251,470.16623000000004
252,322.82845
253,762.5237100000002
254,125.34239000000004
255,479.5114900000001
256,1670.5085900000004
257,805.79784
258,649.1328199999998
259,197.72081500000002
260,217.29372999999995
261,669.0262900000001
262,208.84444
263,1869.94895
264,833.6096800000003
265,498.27260999999964
266,795.4397000000005
267,347.17812000000015
268,1391.2184399999999
269,540.80244
270,870.6602200000005
271,653.8542100000001
272,1020.9685600000003
273,581.9286599999997
274,470.81217000000004
275,361.39399000000003
276,383.0779999999996
277,1229.95185
278,413.83776999999986
279,310.0195900000001
280,309.93778000000015
281,387.78456000000006
282,449.2783999999999
283,556.7590300000003
284,230.79946000000007
285,866.0658000000002
286,657.6261199999998
287,241.20630999999997
288,1583.4680999999996
289,1185.7814000000003
290,430.79576999999995
291,432.29608000000025
292,235.16276
293,567.2852399999999
294,981.99797
295,1509.075190000001
296,392.89317500000004
297,1285.0291900000002
298,650.3773900000001
299,1818.45165
300,454.2632
301,885.8130700000003
302,434.9001200000002
303,4401.092629999998
304,360.73218999999995
305,400.38393999999994
306,369.716
307,322.75270000000006
308,1329.80129
309,356.5881999999999
310,169.17389
311,397.3515499999999
312,607.4680200000001
313,332.4097600000001
314,479.61128000000014
315,853.5053700000001
316,438.11675999999983
317,460.0575699999998
318,222.28542000000002
319,722.9957299999994
320,1182.32804
321,1076.1637400000013
322,924.9925699999999
323,623.0980100000002
324,323.3079099999999
325,370.84365000000014
326,1343.02964
327,422.4326099999999
328,979.7576399999999
329,568.2604599999999
330,663.7623500000002
331,389.4730000000001
332,3691.3340800000005
333,2258.4305400000007
334,224.93442000000007
335,199.71926000000002
336,149.74304999999998
337,170.3024099999999
338,832.5626900000003
339,697.73937
340,266.24212000000006
341,1699.5555700000002
342,384.27411999999975
343,503.64965000000024
344,801.1205299999998
345,461.98062999999996
346,1063.6387200000001
347,351.3815299999999
348,1578.8755200000007
349,787.8458200000002
350,407.42107999999985
351,1197.36123
352,358.48421000000025
353,1017.9238100000009
354,507.04312999999996
355,898.9432499999997
356,271.03363000000013
357,1157.8540699999994
358,1072.2541600000006
359,248.83153000000004
360,233.5544300000001
361,419.2881900000001
362,249.46328999999992
363,1154.50468
364,310.3833100000001
365,273.16731000000004
366,439.5914700000001
367,435.1374400000001
368,1118.28604
369,2123.6364200000003
370,2089.3103699999997
371,382.0112400000001
372,320.75597000000016
373,1195.10267
374,430.6449000000002
375,139.92249
376,590.7352199999996
377,353.32036999999997
378,1302.67122
379,376.2550700000001
380,313.2417899999999
381,572.8681399999998
382,2053.35448
383,298.02986
384,283.17629000000017
385,572.2153299999999
386,4418.296309999999
387,173.00376999999997
388,1609.6533200000006
389,1526.52845
390,1022.3617099999997
391,1155.7300199999997
392,1160.5053400000002
393,1672.26402
394,269.7141799999999
395,460.80668000000026
396,225.71714
397,509.2967400000002
398,572.8122999999997
399,2010.9624900000003
400,364.9515300000002
401,1325.3761800000002
402,454.5632899999999
403,748.14086
404,468.60076000000004
405,265.29461
406,319.39812999999987
407,1068.5480400000008
408,521.4024299999999
409,793.92261
410,451.84355000000005
411,829.9500799999997
412,942.3571800000004
413,1456.3558000000007
414,192.67211999999995
415,2905.8055700000004
416,710.1007200000003
417,243.82034
418,419.06987999999967
419,1573.67805
420,315.6118199999999
421,545.8187200000002
422,307.18987999999996
423,323.30364
424,724.55839
425,530.15716
426,1491.4386100000002
427,1631.2047099999995
428,1372.2402699999998
429,426.73935
430,466.8966600000001
431,1208.120559999999
432,374.6064499999998
433,1155.955
434,847.5262399999998
435,392.7468700000001
436,949.4798900000001
437,440.92064999999997
438,109.47838999999998
439,1670.0064800000007
440,242.25504
441,478.7676599999998
442,1007.0424700000004
443,278.2843900000001
444,279.82220000000007
445,885.2838600000001
446,117.10072999999998
447,1478.8612699999999
448,489.3881199999999
449,1108.4953000000003
450,485.3285800000002
451,674.0647000000001
452,288.2290100000001
453,798.7331600000001
454,1568.72972
455,816.6666400000001
456,1034.2621199999999
457,797.8598200000005
458,297.41243000000003
459,470.2586899999999
460,285.28484999999995
461,821.7572900000004
462,621.3483999999996
463,382.11424999999997
464,258.01222000000007
465,1728.5701600000011
466,135.51726999999997
467,289.88068999999996
468,527.6943599999995
469,531.73123
470,3773.735409999998
471,486.9954999999999
472,212.52287000000007
473,205.16291000000004
474,397.77681999999993
475,4969.582350000001
476,2838.5352200000007
477,466.13462999999996
478,1062.91626
479,326.82633999999996
480,447.51379999999995
481,313.8916899999999
482,300.3783000000001
483,1125.8845600000009
484,1909.1735199999998
485,390.4867700000001
486,1202.9190900000008
487,259.79231
488,436.51888000000014
489,548.08773
490,529.2379999999998
491,607.6045200000003
492,437.7286600000001
493,441.71036999999995
494,767.6907799999999
495,213.91415999999992
496,2171.8167800000006
497,1986.1545699999997
498,852.6202300000004
499,3705.124010000001
500,975.3199100000003
501,2249.1678599999996
502,305.7176200000002
503,94.82126
504,982.4059599999999
505,685.42548
506,284.89337
507,363.73897999999986
508,395.49874000000017
509,1393.3574999999994
510,317.34484999999995
511,1798.9825099999994
512,236.26479000000003
513,1324.9393200000006
514,433.04849999999993
515,341.00408000000004
516,341.71577000000013
517,398.1326699999996
518,615.3015500000002
519,864.7453200000001
520,511.64357999999993
521,336.00284000000005
522,264.1978000000001
523,295.38236
524,10281.646480000007
525,758.0441899999998
526,488.3345200000001
527,1558.67581
528,1027.4153099999999
529,509.71348
530,606.37939
531,305.53763000000004
532,1075.7796099999998
533,4173.715109999999
534,656.9405599999998
535,1367.4678799999997
536,1041.024560000001
537,1565.5982099999994
538,1673.6744800000008
539,330.21149
540,444.87955
541,416.6646299999998
542,262.16417999999993
543,891.0776199999996
544,662.50101
545,3116.383159999996
546,1401.9278900000004
547,827.9340500000003
548,300.57079999999985
549,438.3415
550,719.7129799999996
551,190.07339000000005
552,341.45201999999995
553,440.7900400000001
554,1413.9630199999997
555,627.3311500000001
556,1292.7148300000006
557,1008.2636349999998
558,583.1839800000001
559,194.30871000000008
560,968.5717100000002
561,440.94831999999997
562,469.14032999999995
563,509.8645499999998
564,229.63191999999998
565,87.81070000000001
566,979.5520799999996
567,203.97764000000004
568,845.6213499999997
569,1600.5253599999996
570,1210.403310000001
571,151.97013999999993
572,453.5196499999999
573,1539.9365199999997
574,453.6534000000001
575,741.0687700000001
576,1457.0972400000005
577,324.77950000000027
578,406.44003000000004
579,233.3793000000001
580,740.8842900000002
581,2161.3883699999997
582,413.0921299999998
583,435.81231999999983
584,196.98895000000002
585,511.35662999999994
586,457.23467
587,988.7366899999994
588,316.48592
589,181.21805000000003
590,456.6928
591,416.5177599999999
592,226.38627000000005
593,466.21659000000005
594,859.0321499999997
595,1029.4714099999992
596,1332.5624100000005
597,836.1417
598,88.65405999999997
599,195.54903999999996
600,910.8404299999996
601,546.4147799999998
602,438.75671000000017
603,184.78220000000005
604,165.64698000000004
605,1879.01155
606,698.3756999999999
607,920.0239599999996
608,1432.8764399999998
609,161.02749000000003
610,426.2120700000001
611,3694.9678100000015
612,317.8694700000001
613,1028.2450200000007
614,270.39007
615,313.5177299999999
616,725.7652499999997
617,266.7274200000001
618,250.32807
619,513.97977
620,337.70067999999986
621,703.8882199999997
622,1080.10779
623,773.72918
624,428.5813299999999
625,619.91819
626,2131.6343300000012
627,1071.5689400000003
628,301.52465000000024
629,737.1095199999999
630,1559.868590000001
631,1019.3202799999996
632,690.7861499999999
633,407.3401799999999
634,378.1992999999999
635,1224.7247799999998
636,603.5023700000002
637,343.96727000000004
638,625.6065299999999
639,159.43047999999996
640,484.70573
641,2768.81126
642,1123.1136999999999
643,283.8467
644,342.16371
645,330.1809399999999
646,3078.4629399999994
647,313.8079100000002
648,318.05144
649,347.5079199999998
650,1203.4961300000004
651,426.48525
652,420.2029200000003
653,3427.770459999998
654,515.6524300000002
655,1430.5380499999999
656,193.3674200000001
657,1343.52567
658,1159.8762000000004
659,396.81628000000006
660,10373.194940000005
661,1304.6050599999996
662,912.8671
663,355.1384199999998
664,545.08655
665,298.00505
666,192.0537199999999
667,787.7221499999999
668,483.6020399999998
669,286.71636000000007
670,918.78496
671,866.8954599999997
672,326.7481900000001
673,722.2960700000002
674,284.4680600000001
675,294.29087000000004
676,464.1336500000001
677,246.30616999999992
678,481.2747099999999
679,578.1990500000007
680,717.2196600000003
681,3854.6817500000006
682,468.5285299999998
683,479.66220999999973
684,1283.2029100000009
685,956.1491900000002
686,526.6471100000003
687,925.6175100000004
688,269.5133999999999
689,280.5352200000001
690,2337.9907500000018
691,3321.5707599999987
692,195.0075599999999
693,123.49444000000005
694,1514.0002200000004
695,401.59984999999983
696,354.71176999999994
697,123.92841999999999
698,411.3377199999998
699,268.2299700000001
700,492.7535900000003
701,2063.60935
702,1442.1007399999999
703,527.6084899999996
704,345.34920999999997
705,685.3142599999999
706,356.0838600000001
707,586.99727
708,355.67112999999995
709,290.15459
710,1335.82659
711,346.76421000000033
712,1046.34333
713,412.5567100000002
714,388.76222
715,141.19588999999993
716,696.3736600000002
717,1338.26283
718,735.4475999999995
719,241.58431000000007
720,1155.5725400000006
721,1152.1049500000008
722,539.4834800000001
723,286.67930999999993
724,1810.1110600000002
725,173.67806999999996
726,884.9765799999998
727,1051.2742699999997
728,1830.7698800000007
729,349.4235000000001
730,283.84195000000017
731,2110.09425
732,876.1855699999999
733,480.57310000000007
734,308.51275999999996
735,236.52909999999986
736,1837.6725700000002
737,4165.5011700000005
738,1808.615660000001
739,255.76172999999991
740,2097.5319399999994
741,618.8768699999997
742,462.2211300000001
743,251.13814
744,311.01203000000004
745,634.7949700000001
746,506.2837499999998
747,463.0438
748,404.83342999999974
749,346.5872999999999
750,522.5455599999997
751,300.62302999999997
752,509.98964000000007
753,248.93538000000004
754,569.5211399999998
755,148.86824999999988
756,321.69885
757,1059.3559200000002
758,271.78724
759,848.4710399999998
760,309.30948999999987
761,1008.3069199999996
762,310.96101
763,237.20834000000016
764,277.8097800000001
765,546.5608999999998
766,810.0482000000004
767,561.4952300000004
768,423.8896999999999
769,989.6955299999998
770,266.8887999999999
771,305.3604499999998
772,288.24428000000006
773,307.06115
774,234.47949000000008
775,958.7094400000004
776,1244.39488
777,381.5517700000001
778,273.8627200000001
779,277.71452999999997
780,740.10896
781,249.92076999999986
782,1488.6018600000007
783,2202.942549999998
784,197.18646
785,1459.53208
786,1033.4258
787,407.8609699999997
788,2286.4639700000007
789,287.04117999999994
790,1019.4388799999999
791,2565.9240800000007
792,1086.3401500000002
793,229.03055999999998
794,174.18750000000003
795,4236.236560000001
796,394.7343999999998
797,1253.0467899999996
798,411.97788999999995
799,338.43683999999996
800,410.18718
801,645.7843799999996
802,1681.9463100000003
803,239.61565999999996
804,290.64791000000014
805,327.82624999999985
806,1075.20798
807,1608.2940699999997
808,840.4277799999999
809,532.4366099999999
810,4773.851539999998
811,479.6382600000002
812,285.5903199999999
813,255.21915000000007
814,8810.347530000003
815,701.1388499999994
816,323.2187800000001
817,766.0835200000001
818,427.4589000000001
819,1225.6667800000005
820,1488.6235000000001
821,276.46627
822,244.7675500000001
823,927.0575099999998
824,1699.2737300000015
825,1799.1974400000001
826,397.29966
827,442.52479000000005
828,1048.7970100000005
829,261.59491000000014
830,381.35937000000007
831,872.1047600000004
832,1103.9799000000003
833,365.5157200000001
834,1977.8411200000003
835,430.8179299999998
836,2045.2562400000002
837,249.88640999999998
838,1573.5899700000007
839,855.9560900000012
840,1017.3992800000003
841,1261.190210000001
842,292.23864999999995
843,732.0991899999997
844,1882.1426100000006
845,290.72954000000004
846,1814.4789900000003
847,1428.0780500000003
848,1282.89289
849,1877.3705399999997
850,495.90477
851,1418.8604400000006
852,332.5339400000001
853,391.92587
854,189.91559000000004
855,240.4272200000001
856,402.58994
857,378.4046300000001
858,252.02210000000002
859,961.5829400000002
860,450.1588699999998
861,1470.380549999999
862,1113.3466500000006
863,397.7307899999999
864,269.1508099999999
865,552.9363000000003
866,1393.0567999999996
867,203.85030000000006
868,447.8735999999997
869,444.9909100000001
870,354.7903800000002
871,199.64907000000002
872,520.0423699999997
873,70.06927000000002
874,254.08097999999987
875,1218.5594199999994
876,2820.3039000000012
877,2475.51569
878,510.24637000000007
879,996.7102500000004
880,481.5770599999998
881,446.5783300000001
882,431.1997799999998
883,299.8010900000001
884,221.7199099999999
885,287.35829999999993
886,551.1561899999998
887,349.6355
888,368.8995699999998
889,469.07111999999995
890,478.94521999999967
891,425.8877
892,1252.71977
893,777.7501600000002
894,390.5907099999999
895,3176.4186899999995
896,820.7335999999999
897,580.1917499999996
898,890.5836700000001
899,596.8977400000002
900,659.3027799999999
901,161.38927999999999
902,453.78883
903,326.54393000000005
904,513.1002000000002
905,366.74560000000014
906,272.45081000000005
907,1978.944889999999
908,1950.3762100000001
909,1191.2707400000002
910,1208.1592799999994
911,294.46549999999996
912,329.63462999999996
913,360.60853000000003
914,1183.4123700000002
915,1356.5124500000002
916,509.52975000000004
917,345.22249000000005
918,976.0785000000002
919,329.6984499999999
920,430.3187899999998
921,713.3973499999998
922,1113.6543400000005
923,467.3056199999997
924,244.33498999999995
925,268.82564999999994
926,1284.7958699999995
927,833.9300600000003
928,292.7777799999999
929,351.61019000000016
930,507.6543399999998
931,238.57071999999997
932,218.63771999999986
933,717.1202800000002
934,203.74468999999996
935,326.4243399999999
936,112.14556000000006
937,444.5542800000003
938,718.31098
939,2800.866230000001
940,230.23186999999996
941,1424.3660600000012
942,476.2199799999998
943,288.0449500000001
944,591.8964500000001
945,488.8026499999999
946,394.7629500000001
947,1638.84853
948,580.3245699999999
949,592.8144099999998
950,747.4723700000001
951,639.5993699999997
952,1077.8138800000004
953,1496.54574
954,316.02396999999996
955,224.70693999999992
956,1791.2709399999994
957,231.8367200000001
958,912.2822599999998
959,500.0637399999998
960,432.83206999999993
961,350.0247000000001
962,665.7346100000001
963,356.0919200000001
964,335.39457000000004
965,291.5762000000001
966,495.7993399999998
967,414.1070600000003
968,1021.7072700000001
969,2889.3076400000004
970,2324.6253199999996
971,646.20271
972,1528.651749999999
973,243.1353099999999
974,584.46205
975,490.40386999999987
976,1134.6181699999997
977,742.9776200000005
978,270.32983
979,289.4077799999999
980,342.96945999999997
981,626.1583499999999
982,417.21773
983,434.09796999999986
984,460.57117499999987
985,1687.1691300000002
986,1063.4101500000002
987,4864.80482
988,1452.1089100000008
989,415.92384000000027
990,313.0573400000001
991,618.3640099999999
992,338.73154999999986
993,458.75732000000005
994,411.28201000000007
995,370.83697
996,1348.8338100000008
997,213.37155999999987
998,1391.4490399999997
999,677.59548
1000,576.4873899999998
1001,1109.4971199999993
1002,563.74655
1003,1165.0867200000002
1004,771.8575599999999
1005,602.8195199999999
1006,215.78862999999998
1007,1143.1997300000005
1008,901.7551800000002
1009,378.9046799999998
1010,996.3324600000003
1011,926.0719800000005
1012,457.32538
1013,110.07057999999998
1014,1036.1018800000002
1015,482.1911500000001
1016,3870.5150900000012
1017,733.9875899999997
1018,225.15604000000002
1019,1668.63084
1020,776.6678599999999
1021,694.1366399999997
1022,1138.1609500000002
1023,314.6435000000001
1024,758.19593
1025,702.2460499999999
1026,322.82475000000005
1027,180.25406999999998
1028,377.5013700000002
1029,963.9205400000005
1030,760.7766099999998
1031,1203.10812
1032,463.82796999999977
1033,314.93602
1034,214.27416999999997
1035,698.1452299999996
1036,692.6958599999997
1037,471.53056000000026
1038,1337.7943599999996
1039,303.55547999999993
1040,2334.1148000000017
1041,1693.9906099999996
1042,1272.7430900000002
1043,351.24848000000003
1044,493.29455
1045,358.93356000000017
1046,405.37323999999995
1047,554.5271299999999
1048,562.42074
1049,1061.01169
1050,264.02867000000003
1051,377.4090200000001
1052,368.92916000000025
1053,274.51806999999997
1054,338.55874000000006
1055,776.1053000000002
1056,467.6365400000001
1057,384.86778000000004
1058,683.3161299999999
1059,1345.1888799999997
1060,505.6814200000001
1061,1047.1943999999996
1062,498.56365999999986
1063,423.01823999999993
1064,245.0054700000001
1065,142.37883000000002
1066,269.2048299999999
1067,445.79298999999975
1068,808.96349
1069,1424.03369
1070,1062.12947
1071,1177.4326699999997
1072,299.5354000000001
1073,1030.0892600000006
1074,1281.81729
1075,1004.4745199999996
1076,3605.332989999999
1077,1285.8507399999999
1078,1141.2998499999999
1079,183.85002000000003
1080,2262.5493
1081,285.54102999999986
1082,368.04606000000007
1083,2436.8218000000006
1084,317.87685000000005
1085,287.63985000000014
1086,415.00576000000007
1087,922.7732800000006
1088,1598.5522400000002
1089,292.10524999999996
1090,214.20717000000002
1091,438.4205099999999
1092,1087.1088400000003
1093,1194.0137100000006
1094,361.47189999999995
1095,608.7306399999997
1096,512.4899600000001
1097,3411.79859
1098,1022.3107399999997
1099,167.65927999999997
1100,917.4801999999997
1101,793.8032299999998
1102,741.0850199999996
1103,457.4800799999999
1104,213.11659999999995
1105,474.0311
1106,481.10664
1107,175.79304
1108,1037.95268
1109,76.3553
1110,791.6934200000001
1111,1719.4853300000002
1112,300.9084099999998
1113,3069.3375699999992
1114,358.59299999999996
1115,308.4498099999999
1116,273.2459299999999
1117,87.01438999999999
1118,326.54648000000014
1119,354.5773499999999
1120,1029.9747200000002
1121,504.09143000000006
1122,326.09385999999995
1123,314.2016599999999
1124,537.4310399999999
1125,1756.2523200000019
1126,849.2274700000005
1127,298.32759000000004
1128,365.02326
1129,430.86306000000013
1130,1372.4897700000004
1131,1301.9729500000003
1132,531.9538499999999
1133,1232.9361700000006
1134,583.1953199999999
1135,2734.045689999999
1136,439.315
1137,1284.17455
1138,1409.13395
1139,115.78736000000002
1140,721.70783
1141,2044.8400299999992
1142,390.68732000000006
1143,279.87036999999987
1144,2203.92354
1145,329.08431
1146,1487.4248899999998
1147,481.6953899999999
1148,216.02875000000003
1149,331.61975
1150,755.6049900000002
1151,367.50137
1152,224.40289000000007
1153,609.4904399999999
1154,609.7078899999997
1155,212.98262000000003
1156,351.07583000000005
1157,596.5064000000001
1158,1379.54569
1159,398.09883
1160,283.72901999999993
1161,299.66453
1162,130.49153
1163,986.9953999999998
1164,456.2832500000002
1165,873.4134700000001
1166,461.2971699999999
1167,473.71947999999975
1168,526.0116199999997
1169,1126.4481
1170,81.08456999999994
1171,2797.78598
1172,1681.1941100000006
1173,267.79581000000013
1174,516.6020299999999
1175,1725.8907600000011
1176,429.6467700000002
1177,333.43543
1178,564.6505999999997
1179,273.6963699999999
1180,293.61656999999997
1181,480.9459199999998
1182,569.3592999999996
1183,631.4601899999999
1184,400.28823000000006
1185,381.85081999999994
1186,645.0583700000002
1187,609.5275699999996
1188,283.77293
1189,503.2576899999997
1190,283.9490433333333
1191,712.43112
1192,192.09395
1193,1090.4839400000005
1194,1216.7651000000012
1195,1215.9217599999993
1196,1604.58491
1197,669.9215199999999
1198,349.6429200000002
1199,1177.3024300000004
1200,1165.8259600000001
1201,820.3321800000001
1202,356.16780000000006
1203,178.23227000000009
1204,229.95024999999987
1205,507.3808899999997
1206,1347.2012100000004
1207,912.4597700000004
1208,489.35167
1209,970.8800000000003
1210,257.39347000000015
1211,1649.0217999999993
1212,347.92427
1213,1214.2197400000002
1214,519.2552600000001
1215,346.3595599999998
1216,457.8136433333337
1217,1484.85299
1218,391.4867800000001
1219,174.46909000000002
1220,442.7164199999999
1221,300.4136899999998
1222,394.6415700000003
1223,298.44739000000004
1224,4733.496689999997
1225,466.4015799999998
1226,513.7015399999999
1227,3423.2973599999987
1228,251.73880999999992
1229,4341.90403
1230,1739.6151400000006
1231,175.3131099999999
1232,374.74579000000006
1233,677.8211300000003
1234,1277.0484500000007
1235,581.7706699999998
1236,247.87339000000003
1237,2622.48195
1238,277.7267400000001
1239,2442.929509999999
1240,442.99861999999985
1241,323.94112000000007
1242,541.5611000000001
1243,599.2404700000002
1244,527.0631299999999
1245,543.33215
1246,222.77421999999999
1247,440.82235000000003
1248,1606.4807600000004
1249,219.53030999999996
1250,309.55088999999987
1251,1408.38413
1252,542.81413
1253,369.6424200000003
1254,554.0017700000001
1255,444.3086300000001
1256,298.44256
1257,236.67779
1258,188.7800699999999
1259,241.46068000000002
1260,653.6245199999998
1261,489.34087999999997
1262,773.0400700000001
1263,355.7147900000002
1264,475.39522
1265,485.51592999999974
1266,465.96479
1267,3122.76866
1268,247.94680000000005
1269,5745.146200000002
1270,313.6558599999999
1271,965.68549
1272,1623.9857000000002
1273,1087.6202900000003
1274,219.47285999999997
1275,362.28421
1276,1394.27227
1277,1156.121640000001
1278,1599.0778499999997
1279,181.60604000000006
1280,709.13595
1281,899.8344300000006
1282,307.10886
1283,5379.574269999999
1284,402.94641000000024
1285,256.0866400000001
1286,921.5160600000003
1287,330.64830000000006
1288,147.60317999999995
1289,73.59123999999998
1290,124.64851999999999
1291,651.0822999999999
1292,418.4347799999998
1293,174.35419999999993
1294,504.3100699999997
1295,448.1071100000001
1296,426.98949999999996
1297,949.0547599999998
1298,333.77401999999995
1299,580.5926199999999
1300,941.5275599999998
1301,247.72570000000007
1302,1976.1559200000002
1303,1055.2046400000008
1304,826.60685
1305,381.5053900000001
1306,299.1436999999999
1307,1808.4401400000008
1308,396.69500999999974
1309,722.2868500000001
1310,605.7401999999998
1311,1062.2824799999996
1312,654.6203800000001
1313,458.6279299999998
1314,1495.87184
1315,1075.6043600000007
1316,370.31743
1317,194.15391999999997
1318,418.82036999999997
1319,305.88335999999987
1320,1068.3271800000005
1321,562.16531
1322,828.4543500000004
1323,797.9793700000005
1324,346.1481599999999
1325,178.2805875
1326,351.2337699999999
1327,353.7490099999999
1328,2348.120329999999
1329,339.87782000000004
1330,404.82455999999985
1331,987.5301
1332,1161.96844
1333,182.54279
1334,427.2799799999998
1335,1551.06578
1336,389.7563099999999
1337,520.82501
1338,257.6255499999999
1339,310.02333999999996
1340,415.6804
1341,509.0466000000001
1342,933.0105700000001
1343,2017.448320000001
1344,364.70074000000005
1345,332.5656399999999
1346,401.1427599999999
1347,904.8624900000004
1348,644.3082799999999
1349,384.2454299999998
1350,578.6153100000002
1351,285.4309899999999
1352,679.7412599999996
1353,377.2045299999999
1354,203.98342000000005
1355,377.46399000000014
1356,464.55512999999985
1357,385.6154299999999
1358,922.3059500000002
1359,364.6537299999998
1360,343.07414000000006
1361,340.53534
1362,250.83273000000005
1363,1133.64147
1364,232.56581000000006
1365,472.86423999999994
1366,213.36705000000018
1367,1997.8289400000006
1368,420.04000999999994
1369,524.6651300000002
1370,394.6488
1371,1192.4595100000004
1372,444.33136999999994
1373,913.9788233333331
1374,323.55300000000005
1375,2385.2036900000003
1376,1173.3844200000003
1377,662.4719600000001
1378,505.94265999999993
1379,1416.4321900000002
1380,304.93525000000005
1381,510.62064000000015
1382,262.1515799999999
1383,1382.8086900000008
1384,137.47573000000003
1385,257.55010000000016
1386,789.08243
1387,112.29627000000004
1388,190.69981000000004
1389,1619.1076400000009
1390,318.98073000000005
1391,371.49757
1392,282.33699
1393,241.00678999999985
1394,304.8831700000001
1395,341.97012
1396,496.04008
1397,780.0400800000002
1398,540.7312699999998
1399,1193.0124900000012
1400,802.56596
1401,1538.732349999999
1402,236.58993999999993
1403,517.3915499999999
1404,1006.8359399999993
1405,242.01182
1406,1148.6485
1407,1628.1064999999987
1408,394.26725000000005
1409,693.6610599999997
1410,236.0238300000002
1411,2792.938020000001
1412,363.1115100000003
1413,1444.9375199999995
1414,688.9688899999995
1415,1125.4842299999996
1416,413.41047000000015
1417,284.07766000000004
1418,923.11727
1419,159.30730000000003
1420,533.08349
1421,612.05968
1422,140.27519
1423,61.37497000000002
1424,254.48567000000003
1425,1825.4221899999995
1426,198.26482
1427,1245.8065800000008
1428,380.65670000000006
1429,523.8638699999996
1430,472.0868066666666
1431,278.53337999999997
1432,3776.6639999999984
1433,339.6245399999999
1434,766.66037
1435,294.76504000000006
1436,627.5580500000001
1437,755.30925
1438,499.9839799999998
1439,495.15315000000004
1440,1022.9380100000003
1441,554.1848200000002
1442,2090.114120000001
1443,444.0557000000001
1444,256.87239999999997
1445,387.03499999999985
1446,242.40638999999996
1447,230.32452999999998
1448,184.09550000000002
1449,333.20939999999996
1450,367.43170999999995
1451,871.5822999999998
1452,207.4763900000001
1453,981.7077200000002
1454,450.5589600000003
1455,451.49761
1456,394.94561999999996
1457,424.9050200000003
1458,323.65722999999986
1459,1730.2062400000002
1460,1384.8137899999995
1461,815.8221200000003
1462,458.71147999999994
1463,362.1385799999999
1464,321.8232
1465,537.6587599999999
1466,87.58256000000003
1467,300.92378
1468,332.38034
1469,247.48384000000027
1470,187.0830700000002
1471,326.02217999999993
1472,163.37978
1473,430.26085000000035
1474,530.5924500000004
1475,343.4576700000001
1476,329.42924999999997
1477,208.06046999999998
1478,3597.690519999999
1479,572.6792800000001
1480,173.50707000000003
1481,930.1241599999994
1482,1303.0631600000002
1483,1101.41544
1484,1579.9440099999995
1485,254.03290000000007
1486,977.21266
1487,1920.8454400000003
1488,923.7252700000001
1489,827.2941900000001
1490,426.72106999999977
1491,1024.43991
1492,376.38415999999984
1493,348.82327000000004
1494,160.42922000000002
1495,254.4849299999999
1496,499.81361999999973
1497,248.30175000000014
1498,1668.13944
1499,330.63048999999984
1500,655.1597600000003
1501,430.1676099999999
1502,300.96324333333337
1503,411.81069999999994
1504,450.04334
1505,291.41427999999996
1506,1645.1034000000002
1507,674.78163
1508,546.4562899999997
1509,1914.7576200000005
1510,821.3376900000003
1511,283.2795
1512,1166.8883100000003
1513,67.85159999999999
1514,232.23637999999994
1515,297.96584000000007
1516,172.42223000000004
1517,417.19072
1518,330.88356000000016
1519,581.33731
1520,487.2619799999999
1521,1481.6009800000006
1522,404.01863999999995
1523,392.63066000000015
1524,10357.674870000008
1525,797.4224399999999
1526,832.3288500000001
1527,375.9257700000003
1528,630.2231499999999
1529,2293.3967799999996
1530,1044.5821300000007
1531,2609.011350000002
1532,1761.5750400000002
1533,897.3047899999998
1534,239.02209999999997
1535,487.12315999999987
1536,216.30075999999994
1537,206.99043999999998
1538,135.61702
1539,394.83712999999983
1540,232.02133
1541,990.0756600000005
1542,1492.0487400000002
1543,596.9782100000004
1544,2743.783680000002
1545,582.8549400000004
1546,429.07490999999993
1547,337.06937000000005
1548,182.5361299999999
1549,427.9309100000001
1550,372.99064999999996
1551,2169.817209999998
1552,1895.6073700000006
1553,231.59242999999995
1554,1033.70472
1555,84.43838999999998
1556,463.23986999999994
1557,1208.7050300000003
1558,823.4379899999999
1559,2232.3246899999995
1560,568.4280299999999
1561,382.11601
1562,602.0206100000003
1563,784.71443
1564,464.4834499999999
1565,822.2955999999999
1566,543.7491299999999
1567,388.99922999999995
1568,7076.907379999999
1569,604.5260999999998
1570,799.0000300000002
1571,319.4871400000001
1572,1055.18446
1573,467.83494999999994
1574,4435.44741
1575,2260.1197000000006
1576,1848.45404
1577,764.34887
1578,576.5706799999997
1579,1957.9788999999996
1580,1343.6255200000012
1581,623.0539599999997
1582,249.17495
1583,254.43429
1584,262.95658999999995
1585,471.91600999999986
1586,1337.4078999999995
1587,392.9960099999999
1588,284.68051
1589,297.1204100000001
1590,614.4230099999999
1591,685.2426399999999
1592,570.1088100000002
1593,542.4556900000006
1594,991.2430700000004
1595,1064.8264100000001
1596,1055.6502000000005
1597,297.59159000000017
1598,993.5838900000001
1599,424.65238999999997
1600,255.7305600000002
1601,2109.779680000001
1602,963.6052800000004
1603,989.3849899999998
1604,462.9203400000001
1605,303.26058
1606,79.65321000000002
1607,2220.297120000002
1608,778.8714800000002
1609,276.00744833333334
1610,465.2233199999997
1611,1365.793900000001
1612,1599.5489500000006
1613,1736.7374600000005
1614,543.33886
1615,307.83836499999995
1616,1323.4939
1617,1807.5745899999995
1618,765.6318999999997
1619,439.6932299999999
1620,714.7932100000003
1621,273.68765
1622,900.9756900000002
1623,1505.10655
1624,1918.8596000000005
1625,7149.035979999998
1626,719.4157900000002
1627,214.1684600000001
1628,303.7917600000001
1629,580.02065
1630,1192.1604999999995
1631,1255.35859
1632,1643.9066399999997
1633,331.2444299999999
1634,485.2516499999998
1635,430.5236799999999
1636,1508.2098599999995
1637,944.9870849999996
1638,241.57265999999993
1639,377.3338
1640,633.65499
1641,297.0853199999999
1642,648.9815800000003
1643,333.91539999999986
1644,441.4801100000001
1645,315.6199900000001
1646,298.4366300000003
1647,585.6316499999997
1648,488.20284999999996
1649,442.5963299999998
1650,2050.8602100000003
1651,2102.7717900000002
1652,364.26675000000023
1653,370.5354799999999
1654,1613.6786000000002
1655,262.7621999999999
1656,372.21221
1657,673.3017900000002
1658,392.11111000000005
1659,404.48348999999996
1660,224.00022000000007
1661,404.5321399999999
1662,255.50547000000023
1663,480.62645
1664,504.19474999999983
1665,2249.9055599999997
1666,2150.7015800000004
1667,575.52457
1668,202.4057999999999
1669,500.29662000000013
1670,176.65512999999999
1671,141.0883
1672,2600.9568999999988
1673,1799.8933500000005
1674,450.0843000000002
1675,733.5385699999999
1676,214.63065999999998
1677,834.3799399999996
1678,905.5286999999993
1679,2105.20778
1680,617.0076499999997
1681,306.9475299999999
1682,986.6512799999998
1683,333.6159799999999
1684,819.14666
1685,482.61026
1686,458.73949999999985
1687,2229.727519999999
1688,794.7817399999999
1689,302.55384000000004
1690,1272.0429700000002
1691,1243.41247
1692,1278.9032700000007
1693,277.88396
1694,225.29616999999996
1695,326.1544599999999
1696,329.72498
1697,223.1434199999997
1698,1037.6971800000006
1699,276.61453000000006
1700,415.4864999999998
1701,457.6131599999998
1702,323.16604000000024
1703,502.10792999999984
1704,1434.0287300000002
1705,189.22477199999997
1706,323.4150000000001
1707,194.27457000000007
1708,7367.175480000006
1709,697.07081
1710,282.7567899999999
1711,263.6567199999999
1712,313.7596900000002
1713,438.1085300000002
1714,1082.3980700000004
1715,636.7914499999999
1716,266.86871999999994
1717,654.7633499999998
1718,363.1977499999999
1719,628.6181100000005
1720,285.14134333333317
1721,518.6942799999996
1722,365.6860599999998
1723,687.3374399999998
1724,677.3835700000001
1725,407.50189
1726,504.0129199999999
1727,928.0182399999998
1728,570.3564099999996
1729,745.0878000000005
1730,387.7505200000003
1731,1342.5398800000007
1732,406.25131999999985
1733,342.36196
1734,1000.9913299999997
1735,963.2024099999998
1736,323.31945999999994
1737,403.4904300000002
1738,726.8006899999997
1739,776.2246299999999
1740,534.0985900000002
1741,1226.9992700000005
1742,290.5016
1743,362.04273000000006
1744,472.46797
1745,1279.6774900000003
1746,1225.7551500000004
1747,1223.2887100000005
1748,709.5384200000003
1749,142.93282999999994
1750,103.10810000000004
1751,244.81171999999995
1752,330.23728000000006
1753,330.50624000000005
1754,1292.9482700000005
1755,138.99590000000006
1756,858.6961300000002
1757,1227.5288500000004
1758,740.4856399999995
1759,573.82136
1760,611.0619000000003
1761,376.38368999999983
1762,365.3901
1763,417.71862000000016
1764,1294.8746599999995
1765,325.95526000000007
1766,1084.5189700000003
1767,460.2407199999998
1768,1158.0371900000005
1769,406.84347999999983
1770,486.6285499999999
1771,1543.3548299999995
1772,1242.7677999999999
1773,186.99209000000008
1774,159.14925999999997
1775,2749.3283100000012
1776,1336.7971799999996
1777,2083.537310000001
1778,275.03398999999996
1779,448.07975999999974
1780,241.92066000000003
1781,3258.029370000001
1782,237.88901999999996
1783,1682.2837200000008
1784,749.1135700000007
1785,1173.3909500000007
1786,1557.6621
1787,164.93832666666657
1788,1260.4208300000005
1789,1039.24248
1790,1446.3621899999998
1791,134.91149000000004
1792,473.79647000000017
1793,546.0099900000001
1794,401.21396000000016
1795,969.9178800000004
1796,619.1843100000004
1797,581.8671199999999
1798,647.8882299999998
1799,752.1327200000003
1800,602.1299200000001
1801,1654.3455800000004
1802,389.13476666666645
1803,734.8912799999998
1804,784.4907099999999
1805,819.4334100000003
1806,564.9788000000003
1807,657.91649
1808,281.81434000000013
1809,1573.8418499999998
1810,744.73974
1811,458.9554600000001
1812,854.1093000000005
1813,1047.5788400000006
1814,433.45098000000036
1815,251.97144000000026
1816,411.45934999999986
1817,952.4880500000005
1818,2608.381210000001
1819,1275.9523799999995
1820,459.39652000000007
1821,1572.4342099999994
1822,244.75452000000007
1823,330.1813700000001
1824,372.9584400000001
1825,1510.0510999999997
1826,398.8465900000003
1827,495.7566699999999
1828,204.2169300000001
1829,493.19475000000057
1830,708.7182000000005
1831,526.9662899999998
1832,790.55376
1833,837.00619
1834,378.29566999999975
1835,1659.35687
1836,466.6200499999999
1837,1094.7216100000007
1838,257.8641799999999
1839,1030.4778999999999
1840,531.6614000000002
1841,1045.7052300000005
1842,1209.66416
1843,996.89679
1844,2160.7331200000012
1845,1454.1800299999998
1846,318.9657000000001
1847,472.2070699999998
1848,1189.5526900000007
1849,195.44486999999987
1850,348.58874
1851,472.6166499999999
1852,263.95491999999996
1853,253.42948
1854,441.21813000000026
1855,1166.3361100000006
1856,385.0911899999999
1857,2088.8048900000003
1858,514.9389399999998
1859,2460.5421900000006
1860,2102.8661000000006
1861,364.45595000000003
1862,326.1983499999999
1863,709.8024199999999
1864,1470.0381600000005
1865,4308.980269999997
1866,458.52489
1867,382.0093900000001
1868,326.88255000000015
1869,1011.4782599999999
1870,381.21862000000016
1871,685.3740499999999
1872,408.5723999999999
1873,221.08320000000006
1874,1763.3524
1875,1602.95968
1876,1773.9251000000004
1877,609.77187
1878,981.5667500000004
1879,252.32137
1880,1143.42753
1881,2034.6819699999999
1882,439.7825299999996
1883,267.97861000000023
1884,350.99413999999996
1885,449.5395799999999
1886,942.6621400000005
1887,196.47510999999994
1888,220.48100000000005
1889,296.96049000000016
1890,211.38161000000002
1891,545.6227700000004
1892,604.81438
1893,2311.22434
1894,190.73902999999999
1895,431.32959000000017
1896,402.87724
1897,448.12591000000015
1898,246.25002999999992
1899,938.7083799999996
1900,3716.482079999999
1901,846.6717099999997
1902,150.42913000000007
1903,606.3817900000001
1904,1245.6793100000002
1905,118.41623000000013
1906,2021.1083299999998
1907,832.93708
1908,2241.1961199999987
1909,1522.7170200000003
1910,470.7683099999998
1911,3239.2837549999995
1912,207.33426000000003
1913,246.66018000000008
1914,514.582605
1915,1217.1402
1916,150.6018299999999
1917,397.2772699999998
1918,386.09351000000004
1919,522.3580400000002
1920,642.7678999999999
1921,274.35072000000014
1922,285.55369999999994
1923,292.22236
1924,606.1824300000004
1925,226.20528000000002
1926,500.50904
1927,1028.5890800000002
1928,157.03162999999998
1929,381.53917000000007
1930,310.6638100000001
1931,215.29448999999997
1932,400.86541000000034
1933,308.96207000000015
1934,2747.82851
1935,468.5496700000003
1936,248.41472000000002
1937,215.03460000000004
1938,297.28454000000005
1939,296.5869200000002
1940,1452.7927100000009
1941,1074.44729
1942,299.941
1943,351.89759
1944,439.8356499999998
1945,382.45671000000004
1946,664.72823
1947,1892.4152600000002
1948,236.34121999999996
1949,2149.4111399999992
1950,866.3649300000008
1951,1406.8181399999999
1952,563.01244
1953,1020.6897500000003
1954,1086.2407599999992
1955,353.3896099999999
1956,286.3223800000001
1957,940.7238200000004
1958,761.9043400000004
1959,260.04663999999985
1960,619.03831
1961,450.09094999999985
1962,809.0891299999996
1963,291.84530999999987
1964,723.3429699999998
1965,319.02811
1966,422.83761000000015
1967,911.6236300000003
1968,885.37088
1969,705.3383499999997
1970,2138.3703700000005
1971,2883.3592800000015
1972,812.55117
1973,1813.1728399999995
1974,367.05085999999994
1975,705.85442
1976,1689.9451200000005
1977,4085.0959299999977
1978,1002.6437399999988
1979,1657.9051899999997
1980,1331.7639700000002
1981,343.84281999999985
1982,478.3500599999997
1983,779.1179300000005
1984,741.2299800000002
1985,1464.4863999999995
1986,884.48335
1987,1031.29983
1988,1192.8337600000004
1989,174.74940000000004
1990,290.0117799999999
1991,202.26138999999995
1992,379.76073999999994
1993,568.4367700000001
1994,784.5006799999999
1995,414.89611000000014
1996,431.9348699999999
1997,2282.5282700000007
1998,392.08552
1999,675.0125700000003
2000,1620.4841800000002
2001,442.38837999999987
2002,1260.0271999999993
2003,445.4142599999999
2004,360.76437999999996
2005,586.1151999999997
2006,2292.652180000001
2007,338.2153300000001
2008,432.68314000000004
2009,293.67484999999994
2010,285.28538000000003
2011,337.1887500000001
2012,464.1551199999998
2013,820.5630500000007
2014,210.49207999999996
2015,219.6760899999998
2016,509.09373
2017,138.42780000000005
2018,533.1391300000001
2019,1203.9891900000011
2020,467.15988
2021,213.82645999999997
2022,465.2382499999998
2023,1040.5368099999996
2024,645.66466
2025,1773.6998999999996
2026,588.2613799999998
2027,1256.9553000000005
2028,549.4981699999998
2029,684.6687499999996
2030,283.8283600000001
2031,1083.3177500000006
2032,361.81639999999993
2033,525.23231
2034,327.04744000000005
2035,251.00198000000012
2036,258.70987999999994
2037,270.57727
2038,482.1389499999998
2039,441.75737000000004
2040,156.01882999999995
2041,355.99801999999994
2042,4295.686759999999
2043,455.0356700000001
2044,177.99534
2045,1012.6326099999999
2046,849.49899
2047,328.0753199999999
2048,4905.764410000001
2049,394.07765999999975
2050,1433.376160000001
2051,681.9046800000003
2052,954.4688900000001
2053,359.2917399999999
2054,342.6884300000001
2055,1399.70981
2056,383.7699400000001
2057,246.65163000000007
2058,210.38228999999995
2059,648.1551399999996
2060,564.8498
2061,366.23421999999977
2062,227.21347999999992
2063,2200.9575000000004
2064,1238.1046299999994
2065,1007.90824
2066,400.30757999999986
2067,1407.2958700000008
2068,287.28996
2069,2335.48841
2070,593.4045000000001
2071,1247.630570000001
2072,997.3034500000001
2073,395.7919799999999
2074,390.9920299999998
2075,173.0289799999999
2076,1047.6182800000001
2077,943.8644400000002
2078,191.21343000000002
2079,1101.1560800000004
2080,344.51397000000003
2081,3509.220910000001
2082,80.51915
2083,467.5062600000001
2084,1599.7211400000003
2085,459.97844999999995
2086,499.74982999999986
2087,251.32806000000005
2088,375.20585
2089,245.13793
2090,471.96155000000016
2091,4002.148489999998
2092,1005.4288599999996
2093,306.03058000000027
2094,323.25945000000013
2095,1325.7080400000004
2096,284.52858999999995
2097,936.7155899999997
2098,1672.8740700000008
2099,2027.3875899999987
2100,375.3112000000001
2101,9877.026900000003
2102,3234.1251499999985
2103,1831.4739600000003
2104,4094.2384599999987
2105,1422.1554499999997
2106,361.91573000000005
2107,966.9633699999991
2108,319.22425000000004
2109,300.31715999999994
2110,1586.6100200000008
2111,697.6387300000002
2112,1799.0609999999995
2113,493.58339999999976
2114,142.3042
2115,155.83430000000004
2116,1785.6319300000002
2117,1385.9785100000006
2118,587.5382599999998
2119,254.22253000000018
2120,414.5559000000001
2121,1675.5971600000005
2122,844.5215399999998
2123,237.89077
2124,1398.8288499999994
2125,564.23353
2126,532.8557400000001
2127,373.8510899999999
2128,347.34878999999995
2129,913.66212
2130,1517.2558500000002
2131,294.1831
2132,1380.57411
2133,753.46274
2134,873.6687999999999
2135,720.5076000000004
2136,89.39067000000001
2137,3135.201149999999
2138,897.9526499999998
2139,768.0187000000001
2140,857.7065400000004
2141,1168.5889699999998
2142,373.99408000000005
2143,564.7596699999998
2144,337.47271
2145,434.7187199999999
2146,2810.540840000001
2147,464.11570000000023
2148,267.2394899999999
2149,2078.1632
2150,595.9182899999998
2151,356.9002199999999
2152,345.92061
2153,282.44906
2154,184.87137999999996
2155,234.2866
2156,1154.2207600000006
2157,249.96862999999993
2158,1177.02811
2159,355.06132000000014
2160,1368.9183399999997
2161,1518.3104500000004
2162,2064.598700000001
2163,260.2366800000002
2164,449.8246300000001
2165,2338.1332399999988
2166,5333.04198
2167,883.92693
2168,250.82921000000002
2169,407.06327
2170,520.4611399999999
2171,327.22228
2172,279.58579
2173,414.8257099999999
2174,314.8009300000001
2175,538.9956700000001
2176,709.53723
2177,734.7984100000001
2178,196.14180999999994
2179,268.6901299999999
2180,405.48452
2181,223.97061000000002
2182,286.2418500000001
2183,138.7532500000001
2184,1416.4308099999998
2185,359.70632
2186,310.3109700000001
2187,236.79565000000002
2188,389.7414100000001
2189,1187.61377
2190,562.5969899999997
2191,1872.6987499999993
2192,266.01084000000003
2193,369.0345399999998
2194,373.69792999999993
2195,1429.04712
2196,337.509
2197,357.4215400000002
2198,325.94681999999983
2199,370.15781000000004
2200,327.4612400000001
2201,276.5509500000001
2202,438.6559499999998
2203,562.5994
2204,649.2438900000001
2205,313.3528399999998
2206,238.40046999999998
2207,660.8038100000001
2208,252.12799000000007
2209,359.9829500000002
2210,539.6600499999997
2211,445.615625
2212,304.6522599999999
2213,821.1748399999997
2214,1144.24044
2215,163.38670000000005
2216,377.18913999999995
2217,636.8596699999998
2218,1870.66492
2219,675.0004899999999
2220,997.9403700000003
2221,214.14710000000005
2222,492.55573999999996
2223,638.6338800000001
2224,383.5763100000001
2225,803.4266899999999
2226,178.96500000000012
2227,2897.0313699999997
2228,235.39458
2229,773.2119499999997
2230,704.5889199999999
2231,1015.6580899999994
2232,1811.3706100000004
2233,383.86932000000013
2234,975.0245500000005
2235,482.72180999999995
2236,1103.0522799999999
2237,141.69758000000002
2238,366.81884999999994
2239,718.3667099999999
2240,1236.3631900000007
2241,426.83819999999986
2242,136.66972
2243,298.06237000000016
2244,1131.3404900000003
2245,425.5083099999998
2246,1322.2187299999994
2247,521.2090300000001
2248,613.4676200000004
2249,378.27157
2250,553.6664799999998
2251,675.92624
2252,742.8364999999995
2253,304.44213999999994
2254,573.93157
2255,374.4798800000001
2256,206.9888
2257,313.8988400000003
2258,171.75268999999986
2259,669.97218
2260,423.89737000000014
2261,1385.8156000000004
2262,882.2064200000003
2263,1042.8533699999998
2264,819.5029300000001
2265,3794.3664300000005
2266,298.96569000000005
2267,274.94386
2268,448.2349200000001
2269,626.1269800000006
2270,1036.6592999999996
2271,399.8626299999999
2272,905.2171099999998
2273,265.8136700000002
2274,1077.6698399999996
2275,197.12964999999977
2276,475.1482400000004
2277,588.7024999999996
2278,318.80017999999995
2279,936.7166900000004
2280,227.55300000000014
2281,256.06181
2282,357.40185999999994
2283,956.5627399999998
2284,238.47918000000016
2285,485.9556800000001
2286,601.3799200000001
2287,884.6825799999997
2288,431.9683399999999
2289,1242.2437500000008
2290,225.54381000000004
2291,1188.4437600000008
2292,135.30104000000006
2293,364.6495900000001
2294,1736.3666000000005
2295,355.55224000000004
2296,568.3452400000001
2297,880.4493299999998
2298,394.4022
2299,668.1102599999998
2300,187.18983999999992
2301,348.6520800000002
2302,307.27140000000014
2303,298.05632
2304,1115.2587800000003
2305,397.14217
2306,840.4715699999995
2307,202.72015999999996
2308,1653.1131899999998
2309,4095.8650899999984
2310,1043.0964599999998
2311,351.99718
2312,245.71312999999998
2313,650.3767100000001
2314,495.3992100000001
2315,1455.9173200000002
2316,1912.9021399999997
2317,223.00520000000012
2318,888.85385
2319,295.51581000000004
2320,290.334335
2321,313.74510999999995
2322,461.40198000000004
2323,1300.3090000000002
2324,182.19147000000004
2325,1706.4494299999997
2326,1313.8703400000002
